{
    "data": [{
            "titulo": "Gestión de Usuarios",
            "cover": "./assets/imagenes/gestion_usuario_02.png",
            "url":"gestionUsuarios"
            },
            {
            "titulo":"Notificaciones",
            "cover": "./assets/imagenes/notificaciones_03.png",
            "url":"notificaciones"
            },
            {
            "titulo":"Facturación",
            "cover": "./assets/imagenes/facturacion_04.png",
            "url":"facturacion"
            },
            {
            "titulo":"Gestión de Tienda",
            "cover": "./assets/imagenes/shop_03.png",
            "url":"gestionTienda"
            }
    ]
}